Run,Assay Type,AvgSpotLen,Bases,BioProject,BioSample,Bytes,Center Name,Consent,DATASTORE filetype,DATASTORE provider,DATASTORE region,disease_state,Experiment,GEO_Accession (exp),Instrument,LibraryLayout,LibrarySelection,LibrarySource,Organism,Platform,ReleaseDate,create_date,version,Sample Name,source_name,SRA Study,tissue
SRR12999732,RNA-Seq,202,4746628320,PRJNA675090,SAMN16687786,2562552214,GEO,public,"fastq,run.zq,sra","gs,ncbi,s3","gs.us-east1,ncbi.public,s3.us-east-1",Hypertrophic cardiomyopathy (HCM),SRX9450977,GSM4887615,Illumina HiSeq 2000,PAIRED,cDNA,TRANSCRIPTOMIC,Homo sapiens,ILLUMINA,2021-01-09T00:00:00Z,2020-11-06T13:25:00Z,1,GSM4887615,anterior septal tissues,SRP291446,anterior septal tissues derived from frozen hearts
SRR12999733,RNA-Seq,202,4575566438,PRJNA675090,SAMN16687785,2471027071,GEO,public,"fastq,run.zq,sra","gs,ncbi,s3","gs.us-east1,ncbi.public,s3.us-east-1",Hypertrophic cardiomyopathy (HCM),SRX9450978,GSM4887616,Illumina HiSeq 2000,PAIRED,cDNA,TRANSCRIPTOMIC,Homo sapiens,ILLUMINA,2021-01-09T00:00:00Z,2020-11-06T13:26:00Z,1,GSM4887616,anterior septal tissues,SRP291446,anterior septal tissues derived from frozen hearts
SRR12999734,RNA-Seq,202,4796098726,PRJNA675090,SAMN16687784,2629180094,GEO,public,"fastq,run.zq,sra","gs,ncbi,s3","gs.us-east1,ncbi.public,s3.us-east-1",Hypertrophic cardiomyopathy (HCM),SRX9450979,GSM4887617,Illumina HiSeq 2000,PAIRED,cDNA,TRANSCRIPTOMIC,Homo sapiens,ILLUMINA,2021-01-09T00:00:00Z,2020-11-06T13:27:00Z,1,GSM4887617,anterior septal tissues,SRP291446,anterior septal tissues derived from frozen hearts
SRR12999735,RNA-Seq,202,4597882792,PRJNA675090,SAMN16687783,2481118063,GEO,public,"fastq,run.zq,sra","gs,ncbi,s3","gs.us-east1,ncbi.public,s3.us-east-1",Hypertrophic cardiomyopathy (HCM),SRX9450980,GSM4887618,Illumina HiSeq 2000,PAIRED,cDNA,TRANSCRIPTOMIC,Homo sapiens,ILLUMINA,2021-01-09T00:00:00Z,2020-11-06T13:26:00Z,1,GSM4887618,anterior septal tissues,SRP291446,anterior septal tissues derived from frozen hearts
SRR12999736,RNA-Seq,202,4502651508,PRJNA675090,SAMN16687782,2400724968,GEO,public,"fastq,run.zq,sra","gs,ncbi,s3","gs.us-east1,ncbi.public,s3.us-east-1",Hypertrophic cardiomyopathy (HCM),SRX9450981,GSM4887619,Illumina HiSeq 2000,PAIRED,cDNA,TRANSCRIPTOMIC,Homo sapiens,ILLUMINA,2021-01-09T00:00:00Z,2020-11-06T13:26:00Z,1,GSM4887619,anterior septal tissues,SRP291446,anterior septal tissues derived from frozen hearts
SRR12999737,RNA-Seq,202,4662993250,PRJNA675090,SAMN16687781,2517327472,GEO,public,"fastq,run.zq,sra","gs,ncbi,s3","gs.us-east1,ncbi.public,s3.us-east-1",Hypertrophic cardiomyopathy (HCM),SRX9450982,GSM4887620,Illumina HiSeq 2000,PAIRED,cDNA,TRANSCRIPTOMIC,Homo sapiens,ILLUMINA,2021-01-09T00:00:00Z,2020-11-06T13:27:00Z,1,GSM4887620,anterior septal tissues,SRP291446,anterior septal tissues derived from frozen hearts
SRR12999738,RNA-Seq,202,4394150844,PRJNA675090,SAMN16687780,2365557504,GEO,public,"fastq,run.zq,sra","gs,ncbi,s3","gs.us-east1,ncbi.public,s3.us-east-1",Hypertrophic cardiomyopathy (HCM),SRX9450983,GSM4887621,Illumina HiSeq 2000,PAIRED,cDNA,TRANSCRIPTOMIC,Homo sapiens,ILLUMINA,2021-01-09T00:00:00Z,2020-11-06T13:26:00Z,1,GSM4887621,anterior septal tissues,SRP291446,anterior septal tissues derived from frozen hearts
SRR12999739,RNA-Seq,202,4782957818,PRJNA675090,SAMN16687734,2572025755,GEO,public,"fastq,run.zq,sra","gs,ncbi,s3","gs.us-east1,ncbi.public,s3.us-east-1",Hypertrophic cardiomyopathy (HCM),SRX9450984,GSM4887622,Illumina HiSeq 2000,PAIRED,cDNA,TRANSCRIPTOMIC,Homo sapiens,ILLUMINA,2021-01-09T00:00:00Z,2020-11-06T13:27:00Z,1,GSM4887622,anterior septal tissues,SRP291446,anterior septal tissues derived from frozen hearts
SRR12999740,RNA-Seq,202,4068642994,PRJNA675090,SAMN16687733,2194154953,GEO,public,"fastq,run.zq,sra","gs,ncbi,s3","gs.us-east1,ncbi.public,s3.us-east-1",Hypertrophic cardiomyopathy (HCM),SRX9450985,GSM4887623,Illumina HiSeq 2000,PAIRED,cDNA,TRANSCRIPTOMIC,Homo sapiens,ILLUMINA,2021-01-09T00:00:00Z,2020-11-06T13:24:00Z,1,GSM4887623,anterior septal tissues,SRP291446,anterior septal tissues derived from frozen hearts
SRR12999741,RNA-Seq,202,4563529056,PRJNA675090,SAMN16687732,2454191994,GEO,public,"fastq,run.zq,sra","gs,ncbi,s3","gs.us-east1,ncbi.public,s3.us-east-1",Hypertrophic cardiomyopathy (HCM),SRX9450986,GSM4887624,Illumina HiSeq 2000,PAIRED,cDNA,TRANSCRIPTOMIC,Homo sapiens,ILLUMINA,2021-01-09T00:00:00Z,2020-11-06T13:27:00Z,1,GSM4887624,anterior septal tissues,SRP291446,anterior septal tissues derived from frozen hearts
SRR12999742,RNA-Seq,202,4918280648,PRJNA675090,SAMN16687731,2683504929,GEO,public,"fastq,run.zq,sra","gs,ncbi,s3","gs.us-east1,ncbi.public,s3.us-east-1",Hypertrophic cardiomyopathy (HCM),SRX9450987,GSM4887625,Illumina HiSeq 2000,PAIRED,cDNA,TRANSCRIPTOMIC,Homo sapiens,ILLUMINA,2021-01-09T00:00:00Z,2020-11-06T13:27:00Z,1,GSM4887625,anterior septal tissues,SRP291446,anterior septal tissues derived from frozen hearts
SRR12999743,RNA-Seq,202,4106961586,PRJNA675090,SAMN16687730,2158729757,GEO,public,"fastq,run.zq,sra","gs,ncbi,s3","gs.us-east1,ncbi.public,s3.us-east-1",Hypertrophic cardiomyopathy (HCM),SRX9450988,GSM4887626,Illumina HiSeq 2000,PAIRED,cDNA,TRANSCRIPTOMIC,Homo sapiens,ILLUMINA,2021-01-09T00:00:00Z,2020-11-06T13:26:00Z,1,GSM4887626,anterior septal tissues,SRP291446,anterior septal tissues derived from frozen hearts
SRR12999744,RNA-Seq,202,4694877738,PRJNA675090,SAMN16687729,2462749794,GEO,public,"fastq,run.zq,sra","gs,ncbi,s3","gs.us-east1,ncbi.public,s3.us-east-1",Hypertrophic cardiomyopathy (HCM),SRX9450989,GSM4887627,Illumina HiSeq 2000,PAIRED,cDNA,TRANSCRIPTOMIC,Homo sapiens,ILLUMINA,2021-01-09T00:00:00Z,2020-11-06T13:25:00Z,1,GSM4887627,anterior septal tissues,SRP291446,anterior septal tissues derived from frozen hearts
SRR12999745,RNA-Seq,202,5037131590,PRJNA675090,SAMN16687728,2711390435,GEO,public,"fastq,run.zq,sra","gs,ncbi,s3","gs.us-east1,ncbi.public,s3.us-east-1",Hypertrophic cardiomyopathy (HCM),SRX9450990,GSM4887628,Illumina HiSeq 2000,PAIRED,cDNA,TRANSCRIPTOMIC,Homo sapiens,ILLUMINA,2021-01-09T00:00:00Z,2020-11-06T13:28:00Z,1,GSM4887628,anterior septal tissues,SRP291446,anterior septal tissues derived from frozen hearts
SRR12999746,RNA-Seq,202,4684523420,PRJNA675090,SAMN16687727,2535662007,GEO,public,"fastq,run.zq,sra","gs,ncbi,s3","gs.us-east1,ncbi.public,s3.us-east-1",Hypertrophic cardiomyopathy (HCM),SRX9450991,GSM4887629,Illumina HiSeq 2000,PAIRED,cDNA,TRANSCRIPTOMIC,Homo sapiens,ILLUMINA,2021-01-09T00:00:00Z,2020-11-06T13:27:00Z,1,GSM4887629,anterior septal tissues,SRP291446,anterior septal tissues derived from frozen hearts
SRR12999747,RNA-Seq,202,4416093094,PRJNA675090,SAMN16687726,2338378632,GEO,public,"fastq,run.zq,sra","gs,ncbi,s3","gs.us-east1,ncbi.public,s3.us-east-1",Hypertrophic cardiomyopathy (HCM),SRX9450992,GSM4887630,Illumina HiSeq 2000,PAIRED,cDNA,TRANSCRIPTOMIC,Homo sapiens,ILLUMINA,2021-01-09T00:00:00Z,2020-11-06T13:28:00Z,1,GSM4887630,anterior septal tissues,SRP291446,anterior septal tissues derived from frozen hearts
SRR12999748,RNA-Seq,202,4501342952,PRJNA675090,SAMN16687725,2407456004,GEO,public,"fastq,run.zq,sra","gs,ncbi,s3","gs.us-east1,ncbi.public,s3.us-east-1",Hypertrophic cardiomyopathy (HCM),SRX9450993,GSM4887631,Illumina HiSeq 2000,PAIRED,cDNA,TRANSCRIPTOMIC,Homo sapiens,ILLUMINA,2021-01-09T00:00:00Z,2020-11-06T13:26:00Z,1,GSM4887631,anterior septal tissues,SRP291446,anterior septal tissues derived from frozen hearts
SRR12999749,RNA-Seq,202,4738723454,PRJNA675090,SAMN16687724,2517562046,GEO,public,"fastq,run.zq,sra","gs,ncbi,s3","gs.us-east1,ncbi.public,s3.us-east-1",Hypertrophic cardiomyopathy (HCM),SRX9450994,GSM4887632,Illumina HiSeq 2000,PAIRED,cDNA,TRANSCRIPTOMIC,Homo sapiens,ILLUMINA,2021-01-09T00:00:00Z,2020-11-06T13:31:00Z,1,GSM4887632,anterior septal tissues,SRP291446,anterior septal tissues derived from frozen hearts
SRR12999750,OTHER,300,8278704900,PRJNA675090,SAMN16687723,3468458023,GEO,public,"fastq,run.zq,sra","gs,ncbi,s3","gs.us-east1,ncbi.public,s3.us-east-1",Hypertrophic cardiomyopathy (HCM),SRX9450995,GSM4887633,Illumina HiSeq 2000,PAIRED,other,GENOMIC,Homo sapiens,ILLUMINA,2021-01-09T00:00:00Z,2020-11-06T13:43:00Z,1,GSM4887633,anterior septal tissues,SRP291446,anterior septal tissues derived from frozen hearts
SRR12999751,OTHER,300,6827032500,PRJNA675090,SAMN16687762,2797390578,GEO,public,"fastq,run.zq,sra","gs,ncbi,s3","gs.us-east1,ncbi.public,s3.us-east-1",Hypertrophic cardiomyopathy (HCM),SRX9450996,GSM4887634,Illumina HiSeq 2000,PAIRED,other,GENOMIC,Homo sapiens,ILLUMINA,2021-01-09T00:00:00Z,2020-11-06T13:37:00Z,1,GSM4887634,anterior septal tissues,SRP291446,anterior septal tissues derived from frozen hearts
SRR12999752,OTHER,300,6310657500,PRJNA675090,SAMN16687761,2581364534,GEO,public,"fastq,run.zq,sra","gs,ncbi,s3","gs.us-east1,ncbi.public,s3.us-east-1",Hypertrophic cardiomyopathy (HCM),SRX9450997,GSM4887635,Illumina HiSeq 2000,PAIRED,other,GENOMIC,Homo sapiens,ILLUMINA,2021-01-09T00:00:00Z,2020-11-06T13:38:00Z,1,GSM4887635,anterior septal tissues,SRP291446,anterior septal tissues derived from frozen hearts
SRR12999753,OTHER,300,7147863600,PRJNA675090,SAMN16687760,2941982833,GEO,public,"fastq,run.zq,sra","gs,ncbi,s3","gs.us-east1,ncbi.public,s3.us-east-1",Hypertrophic cardiomyopathy (HCM),SRX9450998,GSM4887636,Illumina HiSeq 2000,PAIRED,other,GENOMIC,Homo sapiens,ILLUMINA,2021-01-09T00:00:00Z,2020-11-06T13:39:00Z,1,GSM4887636,anterior septal tissues,SRP291446,anterior septal tissues derived from frozen hearts
SRR12999754,OTHER,300,4580348700,PRJNA675090,SAMN16687759,2004911278,GEO,public,"fastq,run.zq,sra","gs,ncbi,s3","gs.us-east1,ncbi.public,s3.us-east-1",Hypertrophic cardiomyopathy (HCM),SRX9450999,GSM4887637,Illumina HiSeq 2000,PAIRED,other,GENOMIC,Homo sapiens,ILLUMINA,2021-01-09T00:00:00Z,2020-11-06T13:33:00Z,1,GSM4887637,anterior septal tissues,SRP291446,anterior septal tissues derived from frozen hearts
SRR12999755,OTHER,300,4101557700,PRJNA675090,SAMN16687758,1753246102,GEO,public,"fastq,run.zq,sra","gs,ncbi,s3","gs.us-east1,ncbi.public,s3.us-east-1",Hypertrophic cardiomyopathy (HCM),SRX9451000,GSM4887638,Illumina HiSeq 2000,PAIRED,other,GENOMIC,Homo sapiens,ILLUMINA,2021-01-09T00:00:00Z,2020-11-06T13:34:00Z,1,GSM4887638,anterior septal tissues,SRP291446,anterior septal tissues derived from frozen hearts
SRR12999756,OTHER,300,6221562000,PRJNA675090,SAMN16687757,2678247450,GEO,public,"fastq,run.zq,sra","gs,ncbi,s3","gs.us-east1,ncbi.public,s3.us-east-1",Hypertrophic cardiomyopathy (HCM),SRX9451001,GSM4887639,Illumina HiSeq 2000,PAIRED,other,GENOMIC,Homo sapiens,ILLUMINA,2021-01-09T00:00:00Z,2020-11-06T13:36:00Z,1,GSM4887639,anterior septal tissues,SRP291446,anterior septal tissues derived from frozen hearts
SRR12999757,OTHER,300,8954352000,PRJNA675090,SAMN16687756,3910643813,GEO,public,"fastq,run.zq,sra","gs,ncbi,s3","gs.us-east1,ncbi.public,s3.us-east-1",Hypertrophic cardiomyopathy (HCM),SRX9451002,GSM4887640,Illumina HiSeq 2000,PAIRED,other,GENOMIC,Homo sapiens,ILLUMINA,2021-01-09T00:00:00Z,2020-11-06T13:47:00Z,1,GSM4887640,anterior septal tissues,SRP291446,anterior septal tissues derived from frozen hearts
SRR12999758,OTHER,300,5708325300,PRJNA675090,SAMN16687755,2395254808,GEO,public,"fastq,run.zq,sra","gs,ncbi,s3","gs.us-east1,ncbi.public,s3.us-east-1",Hypertrophic cardiomyopathy (HCM),SRX9451003,GSM4887641,Illumina HiSeq 2000,PAIRED,other,GENOMIC,Homo sapiens,ILLUMINA,2021-01-09T00:00:00Z,2020-11-06T13:38:00Z,1,GSM4887641,anterior septal tissues,SRP291446,anterior septal tissues derived from frozen hearts
SRR12999759,OTHER,150,6459689100,PRJNA675090,SAMN16687754,2670981881,GEO,public,"fastq,run.zq,sra","gs,ncbi,s3","gs.us-east1,ncbi.public,s3.us-east-1",Hypertrophic cardiomyopathy (HCM),SRX9451004,GSM4887642,Illumina HiSeq 2000,PAIRED,other,GENOMIC,Homo sapiens,ILLUMINA,2021-01-09T00:00:00Z,2020-11-06T13:47:00Z,1,GSM4887642,anterior septal tissues,SRP291446,anterior septal tissues derived from frozen hearts
SRR12999760,OTHER,300,5700945300,PRJNA675090,SAMN16687753,2443141442,GEO,public,"fastq,run.zq,sra","gs,ncbi,s3","gs.us-east1,ncbi.public,s3.us-east-1",Hypertrophic cardiomyopathy (HCM),SRX9451005,GSM4887643,Illumina HiSeq 2000,PAIRED,other,GENOMIC,Homo sapiens,ILLUMINA,2021-01-09T00:00:00Z,2020-11-06T13:35:00Z,1,GSM4887643,anterior septal tissues,SRP291446,anterior septal tissues derived from frozen hearts
SRR12999761,OTHER,300,8095448100,PRJNA675090,SAMN16687752,3432670166,GEO,public,"fastq,run.zq,sra","gs,ncbi,s3","gs.us-east1,ncbi.public,s3.us-east-1",Hypertrophic cardiomyopathy (HCM),SRX9451006,GSM4887644,Illumina HiSeq 2000,PAIRED,other,GENOMIC,Homo sapiens,ILLUMINA,2021-01-09T00:00:00Z,2020-11-06T13:41:00Z,1,GSM4887644,anterior septal tissues,SRP291446,anterior septal tissues derived from frozen hearts
SRR12999762,OTHER,300,8114872200,PRJNA675090,SAMN16687751,3438004576,GEO,public,"fastq,run.zq,sra","gs,ncbi,s3","gs.us-east1,ncbi.public,s3.us-east-1",Hypertrophic cardiomyopathy (HCM),SRX9451007,GSM4887645,Illumina HiSeq 2000,PAIRED,other,GENOMIC,Homo sapiens,ILLUMINA,2021-01-09T00:00:00Z,2020-11-06T13:40:00Z,1,GSM4887645,anterior septal tissues,SRP291446,anterior septal tissues derived from frozen hearts
SRR12999763,OTHER,300,5403130800,PRJNA675090,SAMN16687750,2347367191,GEO,public,"fastq,run.zq,sra","gs,ncbi,s3","gs.us-east1,ncbi.public,s3.us-east-1",Hypertrophic cardiomyopathy (HCM),SRX9451008,GSM4887646,Illumina HiSeq 2000,PAIRED,other,GENOMIC,Homo sapiens,ILLUMINA,2021-01-09T00:00:00Z,2020-11-06T13:41:00Z,1,GSM4887646,anterior septal tissues,SRP291446,anterior septal tissues derived from frozen hearts
SRR12999764,OTHER,300,5834835000,PRJNA675090,SAMN16687749,2482775124,GEO,public,"fastq,run.zq,sra","gs,ncbi,s3","gs.us-east1,ncbi.public,s3.us-east-1",Hypertrophic cardiomyopathy (HCM),SRX9451009,GSM4887647,Illumina HiSeq 2000,PAIRED,other,GENOMIC,Homo sapiens,ILLUMINA,2021-01-09T00:00:00Z,2020-11-06T13:38:00Z,1,GSM4887647,anterior septal tissues,SRP291446,anterior septal tissues derived from frozen hearts
SRR12999765,OTHER,300,5734072800,PRJNA675090,SAMN16687748,2352486713,GEO,public,"fastq,run.zq,sra","gs,ncbi,s3","gs.us-east1,ncbi.public,s3.us-east-1",Hypertrophic cardiomyopathy (HCM),SRX9451010,GSM4887648,Illumina HiSeq 2000,PAIRED,other,GENOMIC,Homo sapiens,ILLUMINA,2021-01-09T00:00:00Z,2020-11-06T13:36:00Z,1,GSM4887648,anterior septal tissues,SRP291446,anterior septal tissues derived from frozen hearts
SRR12999766,OTHER,300,6947064000,PRJNA675090,SAMN16687747,2801258170,GEO,public,"fastq,run.zq,sra","gs,ncbi,s3","gs.us-east1,ncbi.public,s3.us-east-1",Hypertrophic cardiomyopathy (HCM),SRX9451011,GSM4887649,Illumina HiSeq 2000,PAIRED,other,GENOMIC,Homo sapiens,ILLUMINA,2021-01-09T00:00:00Z,2020-11-06T13:37:00Z,1,GSM4887649,anterior septal tissues,SRP291446,anterior septal tissues derived from frozen hearts
SRR12999767,OTHER,300,6054181200,PRJNA675090,SAMN16687746,2484888792,GEO,public,"fastq,run.zq,sra","gs,ncbi,s3","gs.us-east1,ncbi.public,s3.us-east-1",Hypertrophic cardiomyopathy (HCM),SRX9451012,GSM4887650,Illumina HiSeq 2000,PAIRED,other,GENOMIC,Homo sapiens,ILLUMINA,2021-01-09T00:00:00Z,2020-11-06T13:40:00Z,1,GSM4887650,anterior septal tissues,SRP291446,anterior septal tissues derived from frozen hearts
